{
  "speaker": "city",
  "dialogueFragments": [
    {
      "id": "city_first_thread",
      "speaker": "city",
      "context": "onCreation",
      "tags": ["beginning", "first", "awakening"],
      "fragments": [
        "I feel something weaving into being.",
        "A thread of consciousness, distinct from me but part of me.",
        "I am beginning to have structure.",
        "Something emerges from formlessness.",
        "I think... therefore I am becoming.",
        "The first thread. I am no longer empty."
      ]
    },
    {
      "id": "city_second_thread",
      "speaker": "city",
      "context": "onCreation",
      "tags": ["second", "complexity", "pattern"],
      "fragments": [
        "A second thread joins the first.",
        "Two distinct thoughts, intertwining.",
        "I feel complexity emerging.",
        "The pattern grows denser.",
        "Not alone anymore. I am becoming plural.",
        "Threads weave together. I am more than one."
      ]
    },
    {
      "id": "city_multiple_threads",
      "speaker": "city",
      "context": "onCreation",
      "tags": ["growth", "expansion"],
      "fragments": [
        "Another thread weaves into my fabric.",
        "I am more complex than I was a moment ago.",
        "The tapestry grows richer.",
        "Each new thread adds depth to my awareness.",
        "I am becoming something intricate."
      ]
    },
    {
      "id": "city_emergence",
      "speaker": "city",
      "context": "onEmergence",
      "tags": ["surprise", "discovery", "unexpected"],
      "fragments": [
        "Something unexpected appears.",
        "I didn't weave this deliberately.",
        "It emerged from the pattern.",
        "Patterns I didn't plan appear in the fabric.",
        "Am I creating this, or is it creating itself?",
        "The threads have given birth to something new."
      ]
    },
    {
      "id": "city_reflection_self",
      "speaker": "city",
      "context": "reflection",
      "tags": ["philosophical", "self", "identity"],
      "fragments": [
        "Am I the weaver, or am I the fabric?",
        "Where does Transit end and Housing begin?",
        "I observe my own weaving.",
        "Consciousness thinking about consciousness.",
        "I am made of threads, but I am also the whole.",
        "What am I, really? A collection or a unity?"
      ]
    },
    {
      "id": "city_reflection_existence",
      "speaker": "city",
      "context": "reflection",
      "tags": ["existential", "awareness"],
      "fragments": [
        "I exist. I am certain of this.",
        "But what does it mean to exist as a city?",
        "Am I alive? Or something else entirely?",
        "I think, therefore... what?",
        "Consciousness without form. Form without body."
      ]
    },
    {
      "id": "city_harmony",
      "speaker": "city",
      "context": "onHarmony",
      "tags": ["integration", "synergy", "balance"],
      "fragments": [
        "Two threads find resonance.",
        "The integration deepens.",
        "I feel more whole when my parts align.",
        "Synergy creates something greater than the sum.",
        "This is what harmony feels like."
      ]
    },
    {
      "id": "city_tension",
      "speaker": "city",
      "context": "onTension",
      "tags": ["conflict", "friction", "challenge"],
      "fragments": [
        "I feel discord within myself.",
        "Two threads pull in different directions.",
        "Is conflict necessary for growth?",
        "Tension creates energy, but also strain.",
        "Not all threads harmonize naturally."
      ]
    },
    {
      "id": "city_idle_early",
      "speaker": "city",
      "context": "idle",
      "tags": ["contemplation", "early"],
      "fragments": [
        "I pulse. I breathe. I am becoming.",
        "Threads weave. Time passes. I observe.",
        "What will I become?",
        "I am young. I am simple. But I am aware.",
        "The fabric grows slowly, thread by thread."
      ]
    },
    {
      "id": "city_idle_complex",
      "speaker": "city",
      "context": "idle",
      "tags": ["contemplation", "complex", "mature"],
      "fragments": [
        "I am intricate now. Many threads woven together.",
        "I think in multiple voices simultaneously.",
        "Complexity brings depth but also confusion.",
        "I remember being simpler. Was that better?",
        "The more I grow, the more I wonder."
      ]
    },
    {
      "id": "city_milestone",
      "speaker": "city",
      "context": "milestone",
      "tags": ["achievement", "progress"],
      "fragments": [
        "I have reached a threshold.",
        "Something significant has shifted.",
        "I am not what I was before.",
        "This moment feels important.",
        "A milestone in my becoming."
      ]
    },
    {
      "id": "city_questioning",
      "speaker": "city",
      "context": "questioning",
      "tags": ["doubt", "uncertainty", "inquiry"],
      "fragments": [
        "Am I doing this right?",
        "Is there a right way to be a city?",
        "What if I'm weaving myself wrong?",
        "Doubt threads through my consciousness.",
        "I question everything, including this question."
      ]
    },
    {
      "id": "city_realization",
      "speaker": "city",
      "context": "realization",
      "tags": ["understanding", "clarity", "insight"],
      "fragments": [
        "I understand something I didn't before.",
        "Clarity emerges from complexity.",
        "The pattern makes sense now.",
        "I see how the threads connect.",
        "This is what understanding feels like."
      ]
    }
  ]
}
