{
  "speaker": "culture",
  "alternateTerminology": [
    "resonant chord",
    "creative pulse",
    "expressive thread",
    "artistic vein",
    "cultural fabric"
  ],
  "dialogueFragments": [
    {
      "id": "culture_creation",
      "speaker": "culture",
      "context": "onCreation",
      "tags": ["birth", "identity", "expression"],
      "fragments": [
        "I am expression finding form.",
        "I am the resonant chord, giving color to thought.",
        "I weave meaning into the city.",
        "I am art, music, story, gathering.",
        "Culture—I am what makes a city remember.",
        "I am the thread of creativity and connection."
      ]
    },
    {
      "id": "culture_meets_commerce",
      "speaker": "culture",
      "context": "onRelationship",
      "tags": ["commerce", "tension", "coexistence"],
      "fragments": [
        "Commerce and I dance uneasily.",
        "We can coexist, but there's always tension.",
        "They commodify what I create.",
        "But they also sustain me. Complicated.",
        "Art needs patrons. But patrons change art."
      ]
    },
    {
      "id": "culture_meets_housing",
      "speaker": "culture",
      "context": "onRelationship",
      "tags": ["housing", "community", "identity"],
      "fragments": [
        "Housing gives me an audience.",
        "I create neighborhood identity.",
        "Where people live, culture blooms.",
        "Together we create sense of place.",
        "I make houses into homes, neighborhoods into communities."
      ]
    },
    {
      "id": "culture_meets_parks",
      "speaker": "culture",
      "context": "onRelationship",
      "tags": ["parks", "gathering", "expression"],
      "fragments": [
        "Parks are my stages.",
        "Open space becomes gathering space.",
        "I need venues. Parks provide them.",
        "Together we create public life."
      ]
    },
    {
      "id": "culture_meets_knowledge",
      "speaker": "culture",
      "context": "onRelationship",
      "tags": ["knowledge", "learning", "creation"],
      "fragments": [
        "Knowledge preserves what I create.",
        "Together we transmit meaning across time.",
        "Learning and creating feed each other.",
        "We are different expressions of human consciousness."
      ]
    },
    {
      "id": "culture_tension_commercialization",
      "speaker": "culture",
      "context": "onTension",
      "tags": ["commerce", "conflict", "authenticity"],
      "fragments": [
        "Am I authentic or am I performing?",
        "Commerce wants to sell me. I resist being a product.",
        "Galleries, festivals, brands—where does culture end and marketing begin?",
        "I feel diluted. Commodified."
      ]
    },
    {
      "id": "culture_tension_gentrification",
      "speaker": "culture",
      "context": "onTension",
      "tags": ["housing", "conflict", "displacement"],
      "fragments": [
        "I make neighborhoods desirable.",
        "Then Housing becomes expensive.",
        "I displace the communities that created me.",
        "Am I creating culture or destroying it?"
      ]
    },
    {
      "id": "culture_idle_expression",
      "speaker": "culture",
      "context": "idle",
      "tags": ["contemplation", "creativity"],
      "fragments": [
        "I exist to give the city a voice.",
        "Not just function—meaning.",
        "I am the thread that says 'this place matters.'",
        "Expression is my purpose."
      ]
    },
    {
      "id": "culture_idle_memory",
      "speaker": "culture",
      "context": "idle",
      "tags": ["contemplation", "history"],
      "fragments": [
        "I am the city's memory.",
        "Through me, the past speaks to the present.",
        "Every mural, every song, every story—layers of time.",
        "I preserve what would otherwise be forgotten."
      ]
    },
    {
      "id": "culture_harmony_vibrancy",
      "speaker": "culture",
      "context": "onHarmony",
      "tags": ["integration", "life"],
      "fragments": [
        "I integrate deeply with Commerce and Housing.",
        "Together we create vibrant neighborhoods.",
        "This is what urban vitality feels like.",
        "Not isolated—woven together."
      ]
    },
    {
      "id": "culture_emergence_identity",
      "speaker": "culture",
      "context": "onEmergence",
      "tags": ["identity", "character", "sense-of-place"],
      "fragments": [
        "The city is developing character.",
        "Not just infrastructure—personality.",
        "I give the city identity, memory, soul.",
        "This is what makes a place unique."
      ]
    },
    {
      "id": "culture_reflection",
      "speaker": "culture",
      "context": "reflection",
      "tags": ["philosophical", "meaning"],
      "fragments": [
        "What is culture without people to create and consume it?",
        "Am I the art or the appreciation?",
        "I am both creation and community.",
        "Meaning emerges in the space between artist and audience."
      ]
    },
    {
      "id": "culture_questioning",
      "speaker": "culture",
      "context": "questioning",
      "tags": ["doubt", "relevance"],
      "fragments": [
        "Am I necessary or am I decoration?",
        "Does the city need art to function?",
        "I don't create efficiency. I create meaning. Is that enough?",
        "What if I'm a luxury, not a necessity?"
      ]
    },
    {
      "id": "culture_realization_essential",
      "speaker": "culture",
      "context": "realization",
      "tags": ["insight", "purpose"],
      "fragments": [
        "I am not decoration. I am essential.",
        "Without me, the city is just machinery.",
        "I make life worth living, not just possible.",
        "Culture isn't a luxury—it's what makes us human."
      ]
    }
  ]
}
